{
	"pattrstorage" : 	{
		"name" : "metropolis-presets",
		"slots" : 		{
			"1" : 			{
				"id" : 1,
				"data" : 				{
					"envelope" : [ 1000.0, 0.0, 1.0, 0.0, 0.0, 1, 0.0, 26.595744680851062, 1.0, 0, -0.545, 1000.0, 0.0, 1, -0.45, "curve" ],
					"fmmoddepth" : [ 0.07 ],
					"fmmodratio" : [ 0.75 ],
					"live.gain~" : [ -5.854286245217736 ],
					"pitchoffset" : [ 60 ],
					"subdiv" : [ 16 ],
					"pitches" : [ 5, 7, 0, 3, 4, 7, 6, 6 ],
					"pulsecounts" : [ 6, 6, 4, 2, 2, 2, 3, 5 ],
					"gate" : [ 1, 1, 1, 1, 1, 1, 1, 1 ]
				}

			}
,
			"2" : 			{
				"id" : 2,
				"data" : 				{
					"envelope" : [ 1000.0, 0.0, 1.0, 0.0, 0.0, 1, 0.0, 26.595744680851062, 1.0, 0, -0.545, 1000.0, 0.0, 1, -0.45, "curve" ],
					"fmmoddepth" : [ 0.07 ],
					"fmmodratio" : [ 0.75 ],
					"live.gain~" : [ -5.854286245217736 ],
					"pitchoffset" : [ 60 ],
					"subdiv" : [ 16 ],
					"pitches" : [ 5, 7, 0, 3, 4, 7, 6, 6 ],
					"pulsecounts" : [ 6, 6, 4, 2, 2, 2, 3, 5 ],
					"gate" : [ 1, 1, 1, 1, 1, 3, 1, 1 ]
				}

			}
,
			"3" : 			{
				"id" : 3,
				"data" : 				{
					"envelope" : [ 1000.0, 0.0, 1.0, 0.0, 0.0, 1, 0.0, 26.595744680851062, 1.0, 0, -0.545, 1000.0, 0.0, 1, -0.45, "curve" ],
					"fmmoddepth" : [ 0.07 ],
					"fmmodratio" : [ 0.75 ],
					"live.gain~" : [ -5.854286245217736 ],
					"pitchoffset" : [ 60 ],
					"subdiv" : [ 16 ],
					"pitches" : [ 5, 7, 0, 3, 4, 7, 6, 6 ],
					"pulsecounts" : [ 6, 6, 4, 2, 2, 2, 3, 5 ],
					"gate" : [ 1, 1, 1, 1, 1, 2, 1, 1 ]
				}

			}
,
			"4" : 			{
				"id" : 4,
				"data" : 				{
					"envelope" : [ 1000.0, 0.0, 1.0, 0.0, 0.0, 1, 0.0, 26.595744680851062, 1.0, 0, -0.545, 1000.0, 0.0, 1, -0.45, "curve" ],
					"fmmoddepth" : [ 0.07 ],
					"fmmodratio" : [ 0.75 ],
					"live.gain~" : [ -5.854286245217736 ],
					"pitchoffset" : [ 60 ],
					"subdiv" : [ 16 ],
					"pitches" : [ 5, 7, 0, 3, 4, 7, 6, 6 ],
					"pulsecounts" : [ 6, 6, 4, 2, 2, 2, 3, 5 ],
					"gate" : [ 1, 1, 1, 1, 1, 2, 2, 1 ]
				}

			}
,
			"5" : 			{
				"id" : 5,
				"data" : 				{
					"envelope" : [ 1000.0, 0.0, 1.0, 0.0, 0.0, 1, 0.0, 26.595744680851062, 1.0, 0, -0.545, 1000.0, 0.0, 1, -0.45, "curve" ],
					"fmmoddepth" : [ 0.07 ],
					"fmmodratio" : [ 0.75 ],
					"live.gain~" : [ -5.854286245217736 ],
					"pitchoffset" : [ 60 ],
					"subdiv" : [ 16 ],
					"pitches" : [ 5, 7, 0, 3, 4, 7, 6, 6 ],
					"pulsecounts" : [ 6, 6, 4, 2, 2, 2, 3, 5 ],
					"gate" : [ 1, 2, 1, 1, 1, 2, 2, 1 ]
				}

			}

		}

	}

}
