{
    "pattrstorage": {
        "name": "presets",
        "slots": {
            "1": {
                "id": 1,
                "data": {
                    "tuning": [ 440.0 ],
                    "size": [ 0.5 ],
                    "hit_pos": [ 0.5 ],
                    "damping": [ 0.5 ],
                    "overtones": [ 0.52 ],
                    "click_shape": [ 0.0, 0.0, 0.7251356311991245, 0.6045810814145245, 0.4990958503529995, 0.45388789418377457, 0.36347198184532453, 0.36347198184532453, 0.34840266312224955, 0.34840266312224955, 0.36347198184532453, 0.3785413005683995, 0.39361061929147456, 0.4388185754606995, 0.46142255354531203, 0.48402653162992454, 0.5292344877991495, 0.5593731252452995, 0.5895117626914496, 0.6196504001375995, 0.6497890375837495, 0.6799276750298995, 0.6347197188606745, 0.5895117626914496, 0.5443038065222245, 0.536769147160687, 0.5292344877991495, 0.5292344877991495, 0.5292344877991495, 0.5292344877991495, 0.5443038065222245, 0.5593731252452996, 0.5744424439683745, 0.5895117626914496, 0.6045810814145245, 0.6347197188606745, 0.6497890375837495, 0.6648583563068245, 0.6648583563068245, 0.6196504001375995, 0.6045810814145245, 0.5593731252452995, 0.5518384658837621, 0.5443038065222245, 0.5292344877991495, 0.5141651690760746, 0.4990958503529995, 0.4990958503529995, 0.4990958503529995, 0.4990958503529995, 0.48402653162992454, 0.48402653162992454, 0.48402653162992454, 0.48402653162992454, 0.48402653162992454, 0.48402653162992454, 0.491561190991462, 0.4990958503529995, 0.5141651690760746, 0.5292344877991495, 0.536769147160687, 0.5443038065222245, 0.5593731252452995, 0.6347197188606745 ],
                    "amps": [ 0.0, 0.6497890375837495, 0.7251356311991245, 0.7552742686452745, 0.6949969937529745, 0.5895117626914496, 0.4990958503529995, 0.4388185754606995, 0.40867993801454955, 0.40867993801454955, 0.4388185754606995, 0.4990958503529995, 0.5593731252452995, 0.6196504001375995, 0.6347197188606745, 0.5141651690760746 ],
                    "noiz_env": [ 1000.0, 0.0, 1.0, 0.0, 0.8898365390834524, 0, 0.0, 778.6559570919384, 0.0, 0, -0.7949999999999998, "curve" ],
                    "pitch_env_curve": [ 0.095 ],
                    "pitch_env_dur": [ 250.0 ],
                    "pitch_env_range": [ 0.0 ],
                    "nz_env_dur": [ 0.0 ]
                }
            },
            "2": {
                "id": 2,
                "data": {
                    "tuning": [ 37.4 ],
                    "size": [ 0.2 ],
                    "hit_pos": [ 0.88 ],
                    "damping": [ 0.021 ],
                    "overtones": [ 0.67 ],
                    "click_shape": [ 0.6510732264458379, 0.6510732264458379, 0.6180517635767973, 0.6180517635767973, 0.6180517635767973, 0.19977990056895004, 0.4639516035212746, 0.6143827121469039, 0.6107136607170105, 0.6070446092871171, 0.6015410321422769, 0.5960374549974369, 0.77215192363232, 0.662080380735518, 0.6070446092871171, 0.5520088378387161, 0.2658228263070312, 0.44193729494191425, 0.4089158320728737, 0.3648872149141529, 0.3318657520451123, 0.31535502061059206, 0.29884428917607175, 0.2658228263070312, 0.2658228263070312, 0.2658228263070312, 0.2658228263070312, 0.2768299805967114, 0.30985144346575194, 0.3428729063347925, 0.44193729494191425, 0.5520088378387161, 0.6730875350251982, 0.6290589178664775, 0.5630159921283964, 0.5354981064041959, 0.5079802206799954, 0.4749587578109548, 0.43093014065223406, 0.39790867778319344, 0.38690152349351326, 0.3648872149141529, 0.3538800606244727, 0.3538800606244727, 0.3538800606244727, 0.3538800606244727, 0.3538800606244727, 0.3648872149141529, 0.38690152349351326, 0.4089158320728737, 0.4199229863625539, 0.43093014065223406, 0.44193729494191425, 0.44193729494191425, 0.45294444923159444, 0.45294444923159444, 0.44193729494191425, 0.43093014065223406, 0.4199229863625539, 0.4089158320728737, 0.37589436920383307, 0.3648872149141529, 0.3428729063347925, 0.30985144346575194 ],
                    "amps": [ 0.47385804487180105, 0.6279582049273238, 0.8370941364312474, 0.34177219339563875, 0.25371495907819724, 1.0, 0.22069349620915665, 0.9031370621693285, 0.3087507305265982, 0.6059438963479633, 0.760044056403486, 0.46285089058212087, 0.22069349620915665, 0.9801871421970899, 0.6609796677963643, 0.7490369021138058 ],
                    "noiz_env": [ 1000.0, 0.0, 1.0, 0.0, 0.8898365390834524, 0, 0.0, 778.6559570919384, 0.0, 0, -0.945, "curve" ],
                    "pitch_env_curve": [ 0.73 ],
                    "pitch_env_dur": [ 50.0 ],
                    "pitch_env_range": [ 12.0 ],
                    "nz_env_dur": [ 53.3 ]
                }
            },
            "3": {
                "id": 3,
                "data": {
                    "tuning": [ 37.4 ],
                    "size": [ 0.2 ],
                    "hit_pos": [ 0.88 ],
                    "damping": [ 0.021 ],
                    "overtones": [ 0.67 ],
                    "click_shape": [ 0.4337380626533605, 0.4854042982753319, 0.5241539749918105, 0.5241539749918105, 0.5241539749918105, 0.5241539749918105, 0.5241539749918105, 0.5241539749918105, 0.5241539749918105, 0.5241539749918105, 0.5241539749918105, 0.5241539749918105, 0.5241539749918105, 0.5241539749918105, 0.5241539749918105, 0.5241539749918105, 0.5241539749918105, 0.5241539749918105, 0.5241539749918105, 0.5241539749918105, 0.23998967907096766, 0.5241539749918105, 0.5241539749918105, 0.5241539749918105, 0.5241539749918105, 0.5241539749918105, 0.5241539749918105, 0.5241539749918105, 0.517695695539064, 0.5112374160863176, 0.49832085718082475, 0.4918625777280783, 0.4854042982753319, 0.47248773936983907, 0.4466546215588533, 0.4337380626533605, 0.42082150374786764, 0.3949883859368819, 0.3691552681258962, 0.7824851531016676, 0.3174890325039248, 0.31103075305117833, 0.3045724735984319, 0.27873935578744624, 0.5112374160863176, 0.21415656125998195, 0.20769828180723554, 0.18832344344899624, 0.18832344344899624, 0.16249032563801052, 0.14957376673251768, 0.9762335366840604, 0.12374064892153197, 0.11082409001603911, 0.11082409001603911, 0.09790753111054626, 0.0849909722050534, 0.0849909722050534, 0.07207441329956055, 0.07207441329956055, 0.5887367695192748, 0.046241295488574835, 0.046241295488574835, 0.0 ],
                    "amps": [ 0.47385804487180105, 0.6279582049273238, 0.8370941364312474, 0.34177219339563875, 0.25371495907819724, 1.0, 0.22069349620915665, 0.9031370621693285, 0.3087507305265982, 0.6059438963479633, 0.760044056403486, 0.46285089058212087, 0.22069349620915665, 0.9801871421970899, 0.6609796677963643, 0.7490369021138058 ],
                    "noiz_env": [ 1000.0, 0.0, 1.0, 0.0, 0.8898365390834524, 0, 0.0, 778.6559570919384, 0.0, 0, -0.8449999999999999, "curve" ],
                    "pitch_env_curve": [ 0.73 ],
                    "pitch_env_dur": [ 50.0 ],
                    "pitch_env_range": [ 12.0 ],
                    "nz_env_dur": [ 53.3 ]
                }
            },
            "4": {
                "id": 4,
                "data": {
                    "tuning": [ 20.0 ],
                    "size": [ 0.07 ],
                    "hit_pos": [ 0.437 ],
                    "damping": [ 0.021 ],
                    "overtones": [ 0.69 ],